Books to Scrape We love being scraped!,889139b8e9c4cb36,Books,15.44,15.44,£0.00,In stock (16 available),0
Books to Scrape We love being scraped!,9429b4d59c537af5,Books,10.16,10.16,£0.00,In stock (16 available),0
Books to Scrape We love being scraped!,7392c0032f92d816,Books,36.28,36.28,£0.00,In stock (16 available),0
Books to Scrape We love being scraped!,e80f8e518b300dfe,Books,18.97,18.97,£0.00,In stock (16 available),0
Books to Scrape We love being scraped!,0e691eda369f4e09,Books,13.34,13.34,£0.00,In stock (16 available),0
Books to Scrape We love being scraped!,0fa6dceead7ce47a,Books,13.61,13.61,£0.00,In stock (16 available),0
Books to Scrape We love being scraped!,b136b1b180ca753a,Books,22.00,22.00,£0.00,In stock (16 available),0
Books to Scrape We love being scraped!,6d5300b2d8f37e07,Books,28.09,28.09,£0.00,In stock (16 available),0
Books to Scrape We love being scraped!,f5a92cff83897d48,Books,17.44,17.44,£0.00,In stock (15 available),0
Books to Scrape We love being scraped!,96a38e7c813d8f1d,Books,41.25,41.25,£0.00,In stock (15 available),0
Books to Scrape We love being scraped!,a40723994f715420,Books,30.25,30.25,£0.00,In stock (15 available),0
Books to Scrape We love being scraped!,46c1530d7546ea6d,Books,42.16,42.16,£0.00,In stock (15 available),0
Books to Scrape We love being scraped!,2b5054a4192e9b06,Books,52.65,52.65,£0.00,In stock (14 available),0
Books to Scrape We love being scraped!,012094e90a4b908d,Books,54.04,54.04,£0.00,In stock (14 available),0
Books to Scrape We love being scraped!,2c04320e110a14a3,Books,45.21,45.21,£0.00,In stock (14 available),0
Books to Scrape We love being scraped!,71e36f33981ddb74,Books,38.39,38.39,£0.00,In stock (14 available),0
Books to Scrape We love being scraped!,6b6cd77fbc91b7a6,Books,47.02,47.02,£0.00,In stock (14 available),0
Books to Scrape We love being scraped!,fbb21a2f71f4d981,Books,14.75,14.75,£0.00,In stock (14 available),0
Books to Scrape We love being scraped!,aeff7b87a8e83ebb,Books,10.60,10.60,£0.00,In stock (14 available),0
Books to Scrape We love being scraped!,b8a8ff84233f0570,Books,25.98,25.98,£0.00,In stock (14 available),0
Books to Scrape We love being scraped!,2b52334fab158861,Books,29.65,29.65,£0.00,In stock (14 available),0
Books to Scrape We love being scraped!,245e6bf08b8d2955,Books,19.55,19.55,£0.00,In stock (14 available),0
Books to Scrape We love being scraped!,708345c9897fd7c5,Books,16.28,16.28,£0.00,In stock (14 available),0
Books to Scrape We love being scraped!,1174156c4a0eccaa,Books,26.79,26.79,£0.00,In stock (14 available),0
Books to Scrape We love being scraped!,17fb5a88180f9904,Books,46.91,46.91,£0.00,In stock (14 available),0
Books to Scrape We love being scraped!,24af96df0bafb925,Books,29.14,29.14,£0.00,In stock (14 available),0
Books to Scrape We love being scraped!,adb5f51c2e2ab13f,Books,18.03,18.03,£0.00,In stock (14 available),0
Books to Scrape We love being scraped!,a10c7515834240f3,Books,51.51,51.51,£0.00,In stock (14 available),0
Books to Scrape We love being scraped!,d512871626a5e588,Books,49.83,49.83,£0.00,In stock (14 available),0
Books to Scrape We love being scraped!,5b43cae640f2338a,Books,53.95,53.95,£0.00,In stock (14 available),0
Books to Scrape We love being scraped!,b96fc7a0ea7d4b45,Books,38.85,38.85,£0.00,In stock (14 available),0
Books to Scrape We love being scraped!,47d47155e89c8be7,Books,37.61,37.61,£0.00,In stock (14 available),0
Books to Scrape We love being scraped!,caa2e5b3fb1b2d4c,Books,28.90,28.90,£0.00,In stock (14 available),0
Books to Scrape We love being scraped!,137b0b2775701e11,Books,40.36,40.36,£0.00,In stock (14 available),0
Books to Scrape We love being scraped!,cc82685d9f49bc2c,Books,24.48,24.48,£0.00,In stock (14 available),0
Books to Scrape We love being scraped!,727bf2b86b19ad88,Books,41.56,41.56,£0.00,In stock (14 available),0
Books to Scrape We love being scraped!,132ec5e8c984adef,Books,21.95,21.95,£0.00,In stock (14 available),0
Books to Scrape We love being scraped!,02b74068fa98d8a4,Books,11.83,11.83,£0.00,In stock (14 available),0
Books to Scrape We love being scraped!,e34efcc824685332,Books,18.28,18.28,£0.00,In stock (14 available),0
Books to Scrape We love being scraped!,8ecf0356a3878811,Books,52.15,52.15,£0.00,In stock (14 available),0
Books to Scrape We love being scraped!,af58a74e4b2a23a0,Books,10.56,10.56,£0.00,In stock (14 available),0
Books to Scrape We love being scraped!,aa35446aab16017f,Books,50.89,50.89,£0.00,In stock (14 available),0
Books to Scrape We love being scraped!,a6454e329f872b78,Books,23.57,23.57,£0.00,In stock (14 available),0
Books to Scrape We love being scraped!,31e2e2d9cca3778f,Books,25.48,25.48,£0.00,In stock (14 available),0
Books to Scrape We love being scraped!,85b2176b3b194030,Books,47.82,47.82,£0.00,In stock (14 available),0
Books to Scrape We love being scraped!,86cbddb61ea78bb7,Books,46.78,46.78,£0.00,In stock (14 available),0
Books to Scrape We love being scraped!,f9705c362f070608,Books,48.87,48.87,£0.00,In stock (14 available),0
Books to Scrape We love being scraped!,830fb3967c74866d,Books,55.84,55.84,£0.00,In stock (14 available),0
Books to Scrape We love being scraped!,394f6d30cafc3edb,Books,35.43,35.43,£0.00,In stock (14 available),0
Books to Scrape We love being scraped!,a278db6b2b09cf9f,Books,52.79,52.79,£0.00,In stock (14 available),0
Books to Scrape We love being scraped!,3edcccc4f341fb1a,Books,44.74,44.74,£0.00,In stock (14 available),0
Books to Scrape We love being scraped!,95019eac1c0a052f,Books,39.50,39.50,£0.00,In stock (14 available),0
Books to Scrape We love being scraped!,fe44cc816576c652,Books,26.41,26.41,£0.00,In stock (14 available),0
Books to Scrape We love being scraped!,ac8e3949d284e9a9,Books,11.89,11.89,£0.00,In stock (14 available),0
Books to Scrape We love being scraped!,4c8b7540409da4ac,Books,45.58,45.58,£0.00,In stock (14 available),0
Books to Scrape We love being scraped!,2d1e337aaf341858,Books,10.69,10.69,£0.00,In stock (14 available),0
Books to Scrape We love being scraped!,0c7b9cf2b7662b65,Books,13.92,13.92,£0.00,In stock (14 available),0
Books to Scrape We love being scraped!,1b8187fa4bf6ab05,Books,39.24,39.24,£0.00,In stock (14 available),0
Books to Scrape We love being scraped!,923831a05c9f91f7,Books,15.77,15.77,£0.00,In stock (14 available),0
Books to Scrape We love being scraped!,dc6f688b82e42a5b,Books,44.73,44.73,£0.00,In stock (14 available),0
Books to Scrape We love being scraped!,6edacfd1f8ebb9eb,Books,35.35,35.35,£0.00,In stock (14 available),0
Books to Scrape We love being scraped!,3d76bc83c6b644c9,Books,48.78,48.78,£0.00,In stock (14 available),0
Books to Scrape We love being scraped!,a86972014275e072,Books,25.85,25.85,£0.00,In stock (14 available),0
Books to Scrape We love being scraped!,847935fc68707426,Books,13.82,13.82,£0.00,In stock (14 available),0
Books to Scrape We love being scraped!,ddc8340dabc8641b,Books,28.77,28.77,£0.00,In stock (14 available),0
Books to Scrape We love being scraped!,992974ba6a0536ea,Books,52.26,52.26,£0.00,In stock (14 available),0
Books to Scrape We love being scraped!,f72f61ad6a5f12ed,Books,40.67,40.67,£0.00,In stock (14 available),0
Books to Scrape We love being scraped!,3bc89353f7e3a3cc,Books,54.21,54.21,£0.00,In stock (14 available),0
Books to Scrape We love being scraped!,4881cc53f6c8892f,Books,17.43,17.43,£0.00,In stock (14 available),0
Books to Scrape We love being scraped!,2d88a31f325dfd3b,Books,23.40,23.40,£0.00,In stock (14 available),0
Books to Scrape We love being scraped!,f21effc079a2b38a,Books,44.07,44.07,£0.00,In stock (14 available),0
Books to Scrape We love being scraped!,4e812d32d64e2431,Books,10.40,10.40,£0.00,In stock (14 available),0
Books to Scrape We love being scraped!,52cf2a5933ec5d8f,Books,28.08,28.08,£0.00,In stock (14 available),0
Books to Scrape We love being scraped!,6bdd909329435e80,Books,16.88,16.88,£0.00,In stock (14 available),0
Books to Scrape We love being scraped!,e88fb1c9397cfb27,Books,37.40,37.40,£0.00,In stock (14 available),0
Books to Scrape We love being scraped!,00c4543ec6bd25b4,Books,44.48,44.48,£0.00,In stock (14 available),0
Books to Scrape We love being scraped!,1528279aec1f3dce,Books,46.02,46.02,£0.00,In stock (14 available),0
Books to Scrape We love being scraped!,081305e6df719dff,Books,52.67,52.67,£0.00,In stock (14 available),0
Books to Scrape We love being scraped!,e9906e2f0d189745,Books,27.88,27.88,£0.00,In stock (14 available),0
Books to Scrape We love being scraped!,c5cb9f885d8b3621,Books,32.61,32.61,£0.00,In stock (14 available),0
Books to Scrape We love being scraped!,6875c5657661b2fb,Books,25.91,25.91,£0.00,In stock (14 available),0
Books to Scrape We love being scraped!,08b2f71d93836313,Books,56.80,56.80,£0.00,In stock (14 available),0
Books to Scrape We love being scraped!,34c0d7c4ee5650af,Books,43.04,43.04,£0.00,In stock (14 available),0
Books to Scrape We love being scraped!,f0f38174a7e689a3,Books,27.12,27.12,£0.00,In stock (14 available),0
Books to Scrape We love being scraped!,6e44bcbeac7f4360,Books,25.38,25.38,£0.00,In stock (14 available),0
Books to Scrape We love being scraped!,1d6443ffba9dfd80,Books,22.08,22.08,£0.00,In stock (14 available),0
Books to Scrape We love being scraped!,76c84daa539426e2,Books,45.95,45.95,£0.00,In stock (14 available),0
Books to Scrape We love being scraped!,aba2db9afb1469c7,Books,46.31,46.31,£0.00,In stock (14 available),0
Books to Scrape We love being scraped!,4a1debca3135ff37,Books,37.10,37.10,£0.00,In stock (14 available),0
Books to Scrape We love being scraped!,6a31307a81e8f3a8,Books,12.96,12.96,£0.00,In stock (14 available),0
Books to Scrape We love being scraped!,92275cedf6d8ee15,Books,53.90,53.90,£0.00,In stock (14 available),0
Books to Scrape We love being scraped!,6fd646a334e6e133,Books,19.60,19.60,£0.00,In stock (14 available),0
Books to Scrape We love being scraped!,44a10f1ac8ce822e,Books,38.20,38.20,£0.00,In stock (14 available),0
Books to Scrape We love being scraped!,3fb15ace50d6142b,Books,14.36,14.36,£0.00,In stock (14 available),0
Books to Scrape We love being scraped!,047097293bb4d1c0,Books,37.34,37.34,£0.00,In stock (14 available),0
Books to Scrape We love being scraped!,024387ca4cafd5cc,Books,43.61,43.61,£0.00,In stock (14 available),0
Books to Scrape We love being scraped!,dd5bfa6cc2c0ecc3,Books,24.70,24.70,£0.00,In stock (14 available),0
Books to Scrape We love being scraped!,d195e7f4ed697350,Books,12.51,12.51,£0.00,In stock (15 available),0
Books to Scrape We love being scraped!,ffd54178acc9a6a5,Books,50.54,50.54,£0.00,In stock (15 available),0
Books to Scrape We love being scraped!,bb8245f52c7cce8f,Books,36.58,36.58,£0.00,In stock (15 available),0
Books to Scrape We love being scraped!,7ebfa6c1bee69e1e,Books,18.46,18.46,£0.00,In stock (15 available),0
Books to Scrape We love being scraped!,d24b829be2ca81c4,Books,46.82,46.82,£0.00,In stock (15 available),0
Books to Scrape We love being scraped!,05f7c6d9a4e582d3,Books,15.48,15.48,£0.00,In stock (15 available),0
Books to Scrape We love being scraped!,47271d8e08b5d31c,Books,15.38,15.38,£0.00,In stock (15 available),0
Books to Scrape We love being scraped!,7edc0527cf782e19,Books,36.50,36.50,£0.00,In stock (15 available),0
Books to Scrape We love being scraped!,3f69e667a67e54d9,Books,11.11,11.11,£0.00,In stock (15 available),0
Books to Scrape We love being scraped!,919e7cb2269a25d2,Books,27.43,27.43,£0.00,In stock (15 available),0
Books to Scrape We love being scraped!,1f329c2e7d7de8bd,Books,30.80,30.80,£0.00,In stock (15 available),0
Books to Scrape We love being scraped!,513271dadc1322ae,Books,37.80,37.80,£0.00,In stock (15 available),0
Books to Scrape We love being scraped!,a57b1dcbd6849222,Books,49.46,49.46,£0.00,In stock (15 available),0
Books to Scrape We love being scraped!,3b9a3b4624b7fd6d,Books,19.43,19.43,£0.00,In stock (15 available),0
Books to Scrape We love being scraped!,88c21fcd38e2486e,Books,19.19,19.19,£0.00,In stock (15 available),0
Books to Scrape We love being scraped!,3a11bb962ff45b78,Books,35.61,35.61,£0.00,In stock (15 available),0
Books to Scrape We love being scraped!,f6d967cdadc6fbd9,Books,37.72,37.72,£0.00,In stock (15 available),0
Books to Scrape We love being scraped!,6ffb36aaeff1c81e,Books,34.95,34.95,£0.00,In stock (15 available),0
Books to Scrape We love being scraped!,29c0025455f8c585,Books,54.59,54.59,£0.00,In stock (15 available),0
Books to Scrape We love being scraped!,65d034adf80834b7,Books,41.62,41.62,£0.00,In stock (15 available),0
Books to Scrape We love being scraped!,edb3097e71330040,Books,53.53,53.53,£0.00,In stock (15 available),0
Books to Scrape We love being scraped!,2f88b08bf0a0e367,Books,29.00,29.00,£0.00,In stock (15 available),0
Books to Scrape We love being scraped!,8585760646e3aa2a,Books,21.36,21.36,£0.00,In stock (15 available),0
Books to Scrape We love being scraped!,116a2fdc9a45bab0,Books,29.99,29.99,£0.00,In stock (15 available),0
Books to Scrape We love being scraped!,ce60436f52c5ee68,Books,49.43,49.43,£0.00,In stock (15 available),0
Books to Scrape We love being scraped!,d163dd6c352fbcd2,Books,22.16,22.16,£0.00,In stock (15 available),0
Books to Scrape We love being scraped!,4ce91d31c1e57c33,Books,42.98,42.98,£0.00,In stock (15 available),0
Books to Scrape We love being scraped!,fd8585283fc7d2d7,Books,57.36,57.36,£0.00,In stock (15 available),0
Books to Scrape We love being scraped!,c1afd71fc86bf682,Books,19.15,19.15,£0.00,In stock (15 available),0
Books to Scrape We love being scraped!,ba54932df84e8cea,Books,48.56,48.56,£0.00,In stock (15 available),0
Books to Scrape We love being scraped!,4aa03792b50f0b22,Books,13.47,13.47,£0.00,In stock (15 available),0
Books to Scrape We love being scraped!,d69dd8dac66f9f84,Books,16.85,16.85,£0.00,In stock (15 available),0
Books to Scrape We love being scraped!,af96613fdd793a3c,Books,10.76,10.76,£0.00,In stock (15 available),0
Books to Scrape We love being scraped!,caf4fe9311f1dc59,Books,28.26,28.26,£0.00,In stock (15 available),0
Books to Scrape We love being scraped!,cfeb1e1e0e695b58,Books,41.05,41.05,£0.00,In stock (15 available),0
Books to Scrape We love being scraped!,50b8f80311b31ede,Books,38.28,38.28,£0.00,In stock (15 available),0
Books to Scrape We love being scraped!,31001a1210623bd4,Books,14.19,14.19,£0.00,In stock (15 available),0
Books to Scrape We love being scraped!,d9c643fa1fc57bdb,Books,41.06,41.06,£0.00,In stock (15 available),0
Books to Scrape We love being scraped!,b53db2271c9624f7,Books,20.47,20.47,£0.00,In stock (15 available),0
Books to Scrape We love being scraped!,e656e280bc8edd56,Books,36.94,36.94,£0.00,In stock (15 available),0
Books to Scrape We love being scraped!,1c929cfd16b71907,Books,43.55,43.55,£0.00,In stock (15 available),0
Books to Scrape We love being scraped!,ad04ad9fc179fc5d,Books,20.27,20.27,£0.00,In stock (15 available),0
Books to Scrape We love being scraped!,0c27e6c3744fc14b,Books,29.06,29.06,£0.00,In stock (15 available),0
Books to Scrape We love being scraped!,0e0dcc3339602b28,Books,23.99,23.99,£0.00,In stock (15 available),0
Books to Scrape We love being scraped!,1b33663ad7b95fd8,Books,12.23,12.23,£0.00,In stock (15 available),0
Books to Scrape We love being scraped!,2a70769cdc6eb8b8,Books,26.12,26.12,£0.00,In stock (15 available),0
Books to Scrape We love being scraped!,ca71e72655bece85,Books,16.24,16.24,£0.00,In stock (15 available),0
Books to Scrape We love being scraped!,203b7f94b7d6115f,Books,55.99,55.99,£0.00,In stock (15 available),0
Books to Scrape We love being scraped!,56e4f9eab2e8e674,Books,27.55,27.55,£0.00,In stock (15 available),0
Books to Scrape We love being scraped!,c99761a700ade23f,Books,10.93,10.93,£0.00,In stock (15 available),0
Books to Scrape We love being scraped!,e7469e22b5bfb3e7,Books,33.34,33.34,£0.00,In stock (15 available),0
Books to Scrape We love being scraped!,dd047728de72ad62,Books,38.49,38.49,£0.00,In stock (15 available),0
Books to Scrape We love being scraped!,efc3768127714ec3,Books,32.00,32.00,£0.00,In stock (15 available),0
Books to Scrape We love being scraped!,d6670dfe3e7b42bd,Books,23.15,23.15,£0.00,In stock (15 available),0
Books to Scrape We love being scraped!,42d0d7c92b75fc1c,Books,17.24,17.24,£0.00,In stock (15 available),0
Books to Scrape We love being scraped!,e956d67c9bcc5809,Books,55.02,55.02,£0.00,In stock (15 available),0
Books to Scrape We love being scraped!,2dbb7ec08cdd7f3c,Books,44.28,44.28,£0.00,In stock (15 available),0
Books to Scrape We love being scraped!,9287e238d7c3b06e,Books,36.95,36.95,£0.00,In stock (15 available),0
Books to Scrape We love being scraped!,eac1a180047ad54e,Books,41.82,41.82,£0.00,In stock (15 available),0
Books to Scrape We love being scraped!,abeafe151a587d3b,Books,10.97,10.97,£0.00,In stock (15 available),0
Books to Scrape We love being scraped!,e28e330cbdf01126,Books,37.60,37.60,£0.00,In stock (15 available),0
Books to Scrape We love being scraped!,08db62f24627e71f,Books,55.85,55.85,£0.00,In stock (15 available),0
Books to Scrape We love being scraped!,99ff4cc6491e8f5c,Books,43.29,43.29,£0.00,In stock (15 available),0
Books to Scrape We love being scraped!,c7b5183f4d1d4efe,Books,44.10,44.10,£0.00,In stock (15 available),0
Books to Scrape We love being scraped!,e4c7f3487d17fd42,Books,37.34,37.34,£0.00,In stock (15 available),0
Books to Scrape We love being scraped!,209adad1015af86f,Books,38.21,38.21,£0.00,In stock (15 available),0
Books to Scrape We love being scraped!,8ec14b1576cb7cb5,Books,43.54,43.54,£0.00,In stock (15 available),0
Books to Scrape We love being scraped!,790ef197c8f236f5,Books,10.65,10.65,£0.00,In stock (15 available),0
Books to Scrape We love being scraped!,e98a4efa85070c2f,Books,36.00,36.00,£0.00,In stock (15 available),0
Books to Scrape We love being scraped!,0651062381f0636a,Books,51.36,51.36,£0.00,In stock (15 available),0
Books to Scrape We love being scraped!,961f18db4f138211,Books,27.37,27.37,£0.00,In stock (15 available),0
Books to Scrape We love being scraped!,d6361d16212664ed,Books,33.14,33.14,£0.00,In stock (15 available),0
Books to Scrape We love being scraped!,3bebf34ee9330cbd,Books,12.61,12.61,£0.00,In stock (15 available),0
Books to Scrape We love being scraped!,fd3a622648667296,Books,42.15,42.15,£0.00,In stock (15 available),0
Books to Scrape We love being scraped!,623e1a180426039b,Books,24.12,24.12,£0.00,In stock (15 available),0
Books to Scrape We love being scraped!,37c0cb19713d8dda,Books,58.08,58.08,£0.00,In stock (15 available),0
Books to Scrape We love being scraped!,bc2a85fd35fdc7bd,Books,52.72,52.72,£0.00,In stock (15 available),0
Books to Scrape We love being scraped!,de3f25248ba0789f,Books,59.64,59.64,£0.00,In stock (15 available),0
Books to Scrape We love being scraped!,590a9cccf7db9f7d,Books,35.07,35.07,£0.00,In stock (15 available),0
Books to Scrape We love being scraped!,d7d6d50c1e3d0b81,Books,41.60,41.60,£0.00,In stock (15 available),0
Books to Scrape We love being scraped!,b8736690cf263a3c,Books,21.04,21.04,£0.00,In stock (15 available),0
Books to Scrape We love being scraped!,9270575728a13a61,Books,43.30,43.30,£0.00,In stock (15 available),0
Books to Scrape We love being scraped!,796c87ddbbaaf8c5,Books,21.87,21.87,£0.00,In stock (15 available),0
Books to Scrape We love being scraped!,e4ac92d89b946781,Books,54.00,54.00,£0.00,In stock (16 available),0
Books to Scrape We love being scraped!,01d2001ac1e6f8a3,Books,52.37,52.37,£0.00,In stock (16 available),0
Books to Scrape We love being scraped!,842790dfaa937484,Books,28.13,28.13,£0.00,In stock (16 available),0
Books to Scrape We love being scraped!,3a6fb983e2554023,Books,55.53,55.53,£0.00,In stock (16 available),0
Books to Scrape We love being scraped!,f733e8c19d40ec2e,Books,16.64,16.64,£0.00,In stock (16 available),0
Books to Scrape We love being scraped!,8a380641491d43ed,Books,56.76,56.76,£0.00,In stock (16 available),0
Books to Scrape We love being scraped!,70ed59f194b3c556,Books,42.95,42.95,£0.00,In stock (16 available),0
Books to Scrape We love being scraped!,38d45839cb1c83c1,Books,30.81,30.81,£0.00,In stock (16 available),0
Books to Scrape We love being scraped!,bdf415fd484ea8a7,Books,37.92,37.92,£0.00,In stock (16 available),0
Books to Scrape We love being scraped!,74baabfc8fd84b38,Books,49.46,49.46,£0.00,In stock (16 available),0
Books to Scrape We love being scraped!,5ceb951f629700a2,Books,28.81,28.81,£0.00,In stock (16 available),0
Books to Scrape We love being scraped!,bee3672891cca906,Books,29.14,29.14,£0.00,In stock (16 available),0
Books to Scrape We love being scraped!,7b599c8bfcdd8d30,Books,17.08,17.08,£0.00,In stock (16 available),0
Books to Scrape We love being scraped!,8754c83ab2a7ae71,Books,36.72,36.72,£0.00,In stock (16 available),0
Books to Scrape We love being scraped!,7267864328ae8b9d,Books,43.29,43.29,£0.00,In stock (16 available),0
Books to Scrape We love being scraped!,09b6cc87e62c2c58,Books,51.99,51.99,£0.00,In stock (16 available),0
Books to Scrape We love being scraped!,fce19f9b4a943f22,Books,37.97,37.97,£0.00,In stock (16 available),0
Books to Scrape We love being scraped!,311c0dd0e354a33e,Books,54.35,54.35,£0.00,In stock (16 available),0
Books to Scrape We love being scraped!,7add3f8e49ec0826,Books,21.96,21.96,£0.00,In stock (16 available),0
Books to Scrape We love being scraped!,9e28048cea8d41f7,Books,15.97,15.97,£0.00,In stock (16 available),0
Books to Scrape We love being scraped!,9beb96a2300109d7,Books,29.69,29.69,£0.00,In stock (16 available),0
Books to Scrape We love being scraped!,f2df3bb043a8abb0,Books,22.11,22.11,£0.00,In stock (16 available),0
Books to Scrape We love being scraped!,2a97cffe61c3c4c7,Books,33.97,33.97,£0.00,In stock (16 available),0
Books to Scrape We love being scraped!,a6f99b9e687f9d46,Books,46.03,46.03,£0.00,In stock (16 available),0
Books to Scrape We love being scraped!,1c89ae5bb804e4de,Books,54.63,54.63,£0.00,In stock (16 available),0
Books to Scrape We love being scraped!,8d4eefad7a2b3915,Books,29.17,29.17,£0.00,In stock (16 available),0
Books to Scrape We love being scraped!,e4f74c16de34d440,Books,57.36,57.36,£0.00,In stock (16 available),0
Books to Scrape We love being scraped!,18ad3ed896c7ce05,Books,35.67,35.67,£0.00,In stock (16 available),0
Books to Scrape We love being scraped!,228f74b74f3a08ae,Books,53.90,53.90,£0.00,In stock (16 available),0
Books to Scrape We love being scraped!,7b75cc7f223791f4,Books,40.11,40.11,£0.00,In stock (16 available),0
Books to Scrape We love being scraped!,57e5a4d515c8ce44,Books,19.92,19.92,£0.00,In stock (16 available),0
Books to Scrape We love being scraped!,b6ee99bcf06fc91f,Books,45.61,45.61,£0.00,In stock (16 available),0
Books to Scrape We love being scraped!,460089f796fb3f82,Books,46.91,46.91,£0.00,In stock (16 available),0
Books to Scrape We love being scraped!,72f9d5be3472d34e,Books,14.02,14.02,£0.00,In stock (16 available),0
Books to Scrape We love being scraped!,fa9610a50a1bf149,Books,56.40,56.40,£0.00,In stock (16 available),0
Books to Scrape We love being scraped!,784bc2279baa878d,Books,33.37,33.37,£0.00,In stock (16 available),0
Books to Scrape We love being scraped!,3c346ab1e76ae1f6,Books,14.86,14.86,£0.00,In stock (16 available),0
Books to Scrape We love being scraped!,b757c0c361e689ce,Books,14.07,14.07,£0.00,In stock (16 available),0
Books to Scrape We love being scraped!,9ffa38d3b832433a,Books,46.35,46.35,£0.00,In stock (16 available),0
Books to Scrape We love being scraped!,11809b1d323b3057,Books,48.41,48.41,£0.00,In stock (16 available),0
